Mt  Cook,Mount-CookBroken River,Broken-RiverCardrona,CardronaCorenet Peak,Coronet-PeakCraigieburn,CraigieburnCheeseman,Mount-CheesemanMt Dobson,Mount-DobsonMt Hutt,Mount-HuttMt Lyford,Mount-LyfordMt Olympus,Mount-OlympusOhau,OhauPorter Heights,Porters-HeightsRainbow,RainbowThe Remarkables,RemarkablesRoundhill,Round-HillSoho Basin,Soho-BasinTemplse Basin,Temple-BasinTreble Cone,Treble-ConeTukino,TukinoTuroa,TuroaWhakapapa,Whakapapa